pos,ref,editp,codon_position,codon,editedcodon,synonymous,before,after,,pos,ref,editp,codon_position,codon,editedcodon,synonymous,before,after,,,,,,,,,,,,,,
309393,G,0.724439377,2,ACA,AUA,FALSE,A,A,,285237,C,0.145434047,1,CUA,UUA,TRUE,U,U,,,,Position 1,Position 2,Position 3,Before U,Before C,Before A,Before G,After U,After C,After A,After G
281816,C,0.895716946,2,ACA,AUA,FALSE,A,A,,4495,C,0.176470588,1,CUA,UUA,TRUE,A,U,,Non-synonymous,226,63,163,0,139,56,26,5,42,36,96,52
8940,C,0.962566845,2,ACA,AUA,FALSE,A,A,,103003,C,0.189655172,1,CUG,UUG,TRUE,U,U,,Synonymous,106,6,0,24,12,14,3,1,9,2,11,8
76147,C,0.980952381,2,ACA,AUA,FALSE,A,A,,103141,C,0.305788776,1,CUG,UUG,TRUE,U,U,,Total,332,,,,,,,,,,,
145960,G,0.700534759,2,ACG,AUG,FALSE,A,G,,8573,C,0.332150461,1,CUA,UUA,TRUE,U,U,,,,,,,,,,,,,,
281534,C,0.754792332,2,ACG,AUG,FALSE,A,G,,104426,C,0.553276861,1,CUA,UUA,TRUE,A,U,,,,,,,,,,,,,,
288392,C,0.760921366,2,ACG,AUG,FALSE,A,G,,291801,C,0.071775701,3,CCC,CCU,TRUE,C,A,,Intergenic,76,-,-,-,36,30,8,2,12,4,38,22
259815,G,0.798882682,2,ACG,AUG,FALSE,A,G,,63775,C,0.089235127,3,AAC,AAU,TRUE,A,A,,,,,,,,,,,,,,
184554,G,0.831973899,2,ACG,AUG,FALSE,A,G,,278052,C,0.101408451,3,UUC,UUU,TRUE,U,A,,,,,,,,,,,,,,
26146,G,0.839359268,2,ACG,AUG,FALSE,A,G,,103038,C,0.103817339,3,UUC,UUU,TRUE,U,A,,,,,,,,,,,,,,
278036,C,0.84375,2,ACG,AUG,FALSE,A,G,,99953,C,0.113846154,3,ACC,ACU,TRUE,C,G,,,,,,,,,,,,,,
186152,G,0.900473934,2,ACG,AUG,FALSE,A,G,,81936,C,0.124489796,3,UCC,UCU,TRUE,C,G,,,,,,,,,,,,,,
302748,G,0.916178459,2,ACG,AUG,FALSE,A,G,,309389,G,0.137331839,3,UUC,UUU,TRUE,U,G,,,,,,,,,,,,,,
258092,G,0.97164751,2,ACG,AUG,FALSE,A,G,,191387,G,0.196213425,3,UCC,UCU,TRUE,C,G,,,,,,,,,,,,,,
129823,C,0.996305419,2,ACG,AUG,FALSE,A,G,,100370,C,0.233333333,3,CUC,CUU,TRUE,U,A,,,,,,,,,,,,,,
152415,G,0.623794212,2,ACU,AUU,FALSE,A,U,,22884,G,0.303779367,3,UCC,UCU,TRUE,C,A,,,,,,,,,,,,,,
258194,G,0.910186199,2,ACU,AUU,FALSE,A,U,,102855,C,0.377739331,3,UCC,UCU,TRUE,C,A,,,,,,,,,,,,,,
22396,G,0.993651785,2,ACU,AUU,FALSE,A,U,,177512,G,0.391920624,3,AUC,AUU,TRUE,U,G,,,,,,,,,,,,,,
129805,C,0.994486561,2,ACU,AUU,FALSE,A,U,,351030,C,0.478462681,3,CGC,CGU,TRUE,G,U,,,,,,,,,,,,,,
333712,C,0.357142857,2,CCA,CUA,FALSE,C,A,,258145,G,0.535055351,3,CCC,CCU,TRUE,C,G,,,,,,,,,,,,,,
151311,G,0.708029197,2,CCA,CUA,FALSE,C,A,,63760,C,0.566943675,3,CUC,CUU,TRUE,U,A,,,,,,,,,,,,,,
62709,C,0.733217088,2,CCA,CUA,FALSE,C,A,,248783,G,0.692718771,3,GCC,GCU,TRUE,C,A,,,,,,,,,,,,,,
281594,C,0.841558442,2,CCA,CUA,FALSE,C,A,,309431,G,0.702095485,3,UCC,UCU,TRUE,C,G,,,,,,,,,,,,,,
63678,C,0.870255349,2,CCA,CUA,FALSE,C,A,,4614,C,0.791086351,3,ACC,ACU,TRUE,C,A,,,,,,,,,,,,,,
63567,C,0.878862794,2,CCA,CUA,FALSE,C,A,,191546,G,0.825613079,3,UCC,UCU,TRUE,C,C,,,,,,,,,,,,,,
278141,C,0.927184466,2,CCA,CUA,FALSE,C,A,,258199,G,0.91392136,3,CCC,CCU,TRUE,C,C,,,,,,,,,,,,,,
234820,G,0.966033966,2,CCA,CUA,FALSE,C,A,,104326,C,0.92670895,3,AUC,AUU,TRUE,U,A,,,,,,,,,,,,,,
96884,C,0.97029703,2,CCA,CUA,FALSE,C,A,,234714,G,0.931740614,3,UCC,UCU,TRUE,C,U,,,,,,,,,,,,,,
257660,G,0.976427924,2,CCA,CUA,FALSE,C,A,,234708,G,0.948096886,3,CCC,CCU,TRUE,C,G,,,,,,,,,,,,,,
100387,C,0.978740157,2,CCA,CUA,FALSE,C,A,,100406,C,0.964899713,3,UUC,UUU,TRUE,U,U,,,,,,,,,,,,,,
302027,G,0.979636364,2,CCA,CUA,FALSE,C,A,,,,,,,,,,,,,,,,,,,,,,,,
102545,C,0.982419855,2,CCA,CUA,FALSE,C,A,,,,,,,,,,,,,,,,,,,,,,,,
176622,G,0.983430799,2,CCA,CUA,FALSE,C,A,,pos,ref,editp,codon_position,codon,editedcodon,synonymous,before,after,,,,,,,,,,,,,,
26089,G,0.989910806,2,CCA,CUA,FALSE,C,A,,311782,G,0.085585586,0,,,TRUE,C,A,,,,,,,,,,,,,,
8934,C,0.99037037,2,CCA,CUA,FALSE,C,A,,26194,G,0.086162988,0,,,TRUE,A,U,,,,,,,,,,,,,,
25945,G,0.991594203,2,CCA,CUA,FALSE,C,A,,63359,C,0.0875,0,,,TRUE,A,A,,,,,,,,,,,,,,
9045,C,0.99322608,2,CCA,CUA,FALSE,C,A,,255285,G,0.111742424,0,,,TRUE,C,A,,,,,,,,,,,,,,
22591,G,0.9938738,2,CCA,CUA,FALSE,C,A,,292079,C,0.118878249,0,,,TRUE,U,A,,,,,,,,,,,,,,
96785,C,0.995495495,2,CCA,CUA,FALSE,C,A,,120813,C,0.12296748,0,,,TRUE,C,A,,,,,,,,,,,,,,
100792,C,0.996340348,2,CCA,CUA,FALSE,C,A,,253391,G,0.125714286,0,,,TRUE,U,A,,,,,,,,,,,,,,
129781,C,0.997115598,2,CCA,CUA,FALSE,C,A,,63384,C,0.133084577,0,,,TRUE,U,U,,,,,,,,,,,,,,
291995,C,0.998445449,2,CCA,CUA,FALSE,C,A,,6996,C,0.137048193,0,,,TRUE,C,U,,,,,,,,,,,,,,
145846,G,0.696319018,2,CCC,CUC,FALSE,C,C,,281008,C,0.145379024,0,,,TRUE,C,U,,,,,,,,,,,,,,
261345,G,0.74015748,2,CCC,CUC,FALSE,C,C,,347274,C,0.153846154,0,,,TRUE,C,A,,,,,,,,,,,,,,
258200,G,0.934689507,2,CCC,CUC,FALSE,C,C,,145962,G,0.170868347,0,,,TRUE,U,A,,,,,,,,,,,,,,
234709,G,0.939929329,2,CCC,CUC,FALSE,C,C,,352269,C,0.171374765,0,,,TRUE,A,G,,,,,,,,,,,,,,
333727,C,0.543103448,2,CCG,CUG,FALSE,C,G,,128660,C,0.17791762,0,,,TRUE,C,G,,,,,,,,,,,,,,
62532,C,0.546296296,2,CCG,CUG,FALSE,C,G,,146423,G,0.178832117,0,,,TRUE,U,U,,,,,,,,,,,,,,
281540,C,0.921155347,2,CCG,CUG,FALSE,C,G,,191747,G,0.183111111,0,,,TRUE,C,C,,,,,,,,,,,,,,
63792,C,0.952272727,2,CCG,CUG,FALSE,C,G,,261903,G,0.204,0,,,TRUE,U,G,,,,,,,,,,,,,,
191457,G,0.97260274,2,CCG,CUG,FALSE,C,G,,125468,C,0.206896552,0,,,TRUE,C,G,,,,,,,,,,,,,,
151092,G,0.742358079,2,CCU,CUU,FALSE,C,U,,5647,C,0.213302752,0,,,TRUE,U,A,,,,,,,,,,,,,,
191526,G,0.776315789,2,CCU,CUU,FALSE,C,U,,80486,C,0.213997308,0,,,TRUE,C,G,,,,,,,,,,,,,,
261438,G,0.787037037,2,CCU,CUU,FALSE,C,U,,81409,C,0.227848101,0,,,TRUE,U,G,,,,,,,,,,,,,,
309414,G,0.796628485,2,CCU,CUU,FALSE,C,U,,263787,G,0.255555556,0,,,TRUE,C,G,,,,,,,,,,,,,,
258197,G,0.927116827,2,CCU,CUU,FALSE,C,U,,149180,G,0.271428571,0,,,TRUE,C,G,,,,,,,,,,,,,,
96950,C,0.947040498,2,CCU,CUU,FALSE,C,U,,281011,C,0.289825283,0,,,TRUE,A,G,,,,,,,,,,,,,,
298086,G,0.960104644,2,CCU,CUU,FALSE,C,U,,146292,G,0.326732673,0,,,TRUE,U,U,,,,,,,,,,,,,,
257726,G,0.965820313,2,CCU,CUU,FALSE,C,U,,80195,C,0.345,0,,,TRUE,C,G,,,,,,,,,,,,,,
259458,G,0.966071429,2,CCU,CUU,FALSE,C,U,,127783,C,0.355428571,0,,,TRUE,U,G,,,,,,,,,,,,,,
25996,G,0.989608313,2,CCU,CUU,FALSE,C,U,,29709,G,0.361538462,0,,,TRUE,G,A,,,,,,,,,,,,,,
104454,C,0.992418196,2,CCU,CUU,FALSE,C,U,,29159,G,0.379545455,0,,,TRUE,G,A,,,,,,,,,,,,,,
22879,G,0.993778159,2,CCU,CUU,FALSE,C,U,,27914,G,0.400398406,0,,,TRUE,C,A,,,,,,,,,,,,,,
22744,G,0.993830017,2,CCU,CUU,FALSE,C,U,,255292,G,0.410034602,0,,,TRUE,U,A,,,,,,,,,,,,,,
104448,C,0.995224831,2,CCU,CUU,FALSE,C,U,,128003,C,0.414187643,0,,,TRUE,C,A,,,,,,,,,,,,,,
259542,G,0.893129771,2,GCA,GUA,FALSE,G,A,,63438,C,0.436580882,0,,,TRUE,C,G,,,,,,,,,,,,,,
309279,G,0.928819444,2,GCA,GUA,FALSE,G,A,,5183,C,0.439421338,0,,,TRUE,U,A,,,,,,,,,,,,,,
234703,G,0.955102041,2,GCU,GUU,FALSE,G,U,,277612,C,0.44603381,0,,,TRUE,C,A,,,,,,,,,,,,,,
145901,G,0.137157107,1,CAA,UAA,FALSE,U,A,,125155,C,0.459109312,0,,,TRUE,U,G,,,,,,,,,,,,,,
185895,G,0.9125,1,CAA,UAA,FALSE,U,A,,120368,C,0.474025974,0,,,TRUE,U,U,,,,,,,,,,,,,,
248590,G,0.952446117,1,CAA,UAA,FALSE,C,A,,335777,C,0.519553073,0,,,TRUE,A,U,,,,,,,,,,,,,,
129852,C,0.983751033,1,CAA,UAA,FALSE,U,A,,335652,C,0.523364486,0,,,TRUE,C,G,,,,,,,,,,,,,,
311658,G,0.839127873,1,CAC,UAC,FALSE,U,A,,187884,G,0.605011933,0,,,TRUE,U,G,,,,,,,,,,,,,,
248644,G,0.920341394,1,CAC,UAC,FALSE,U,A,,80507,C,0.621082621,0,,,TRUE,C,C,,,,,,,,,,,,,,
145955,G,0.741935484,1,CAU,UAU,FALSE,U,A,,123784,C,0.634318766,0,,,TRUE,U,G,,,,,,,,,,,,,,
191545,G,0.875338753,1,CAU,UAU,FALSE,C,A,,126025,C,0.649870801,0,,,TRUE,C,A,,,,,,,,,,,,,,
281866,C,0.913074713,1,CAU,UAU,FALSE,U,A,,146191,G,0.65,0,,,TRUE,U,A,,,,,,,,,,,,,,
185991,G,0.941964286,1,CAU,UAU,FALSE,U,A,,146417,G,0.653543307,0,,,TRUE,C,A,,,,,,,,,,,,,,
100143,C,0.978522337,1,CAU,UAU,FALSE,C,A,,104531,C,0.668913227,0,,,TRUE,U,G,,,,,,,,,,,,,,
102655,C,0.985849057,1,CAU,UAU,FALSE,U,A,,120652,C,0.672489083,0,,,TRUE,U,U,,,,,,,,,,,,,,
333711,C,0.151785714,1,CCA,UCA,FALSE,U,C,,237229,G,0.698412698,0,,,TRUE,U,A,,,,,,,,,,,,,,
281593,C,0.161533627,1,CCA,UCA,FALSE,A,C,,275238,C,0.703703704,0,,,TRUE,U,A,,,,,,,,,,,,,,
9044,C,0.252005065,1,CCA,UCA,FALSE,C,C,,146981,G,0.705685619,0,,,TRUE,U,U,,,,,,,,,,,,,,
278140,C,0.304878049,1,CCA,UCA,FALSE,C,C,,188083,G,0.708984375,0,,,TRUE,C,A,,,,,,,,,,,,,,
25946,G,0.557996485,1,CCA,UCA,FALSE,U,C,,64446,C,0.712824011,0,,,TRUE,C,A,,,,,,,,,,,,,,
96532,C,0.880195599,1,CCA,UCA,FALSE,U,C,,299175,G,0.730639731,0,,,TRUE,U,A,,,,,,,,,,,,,,
22544,G,0.984119422,1,CCA,UCA,FALSE,U,C,,7449,C,0.73255814,0,,,TRUE,A,U,,,,,,,,,,,,,,
96784,C,0.991150442,1,CCA,UCA,FALSE,U,C,,125093,C,0.732893652,0,,,TRUE,C,A,,,,,,,,,,,,,,
277254,C,0.806451613,1,CCC,UCC,FALSE,A,C,,128018,C,0.746749226,0,,,TRUE,C,A,,,,,,,,,,,,,,
234710,G,0.944262295,1,CCC,UCC,FALSE,A,C,,279346,C,0.749565217,0,,,TRUE,U,A,,,,,,,,,,,,,,
26117,G,0.981404959,1,CCC,UCC,FALSE,U,C,,163926,G,0.755,0,,,TRUE,U,A,,,,,,,,,,,,,,
25835,G,0.983195845,1,CCC,UCC,FALSE,U,C,,28321,G,0.779904306,0,,,TRUE,U,A,,,,,,,,,,,,,,
333726,C,0.54954955,1,CCG,UCG,FALSE,U,C,,145967,G,0.78125,0,,,TRUE,A,A,,,,,,,,,,,,,,
191458,G,0.931603774,1,CCG,UCG,FALSE,U,C,,152541,G,0.804878049,0,,,TRUE,A,A,,,,,,,,,,,,,,
102736,C,0.937555754,1,CCG,UCG,FALSE,C,C,,261575,G,0.818681319,0,,,TRUE,U,U,,,,,,,,,,,,,,
184621,G,0.964516129,1,CCG,UCG,FALSE,G,C,,310852,G,0.827120634,0,,,TRUE,U,A,,,,,,,,,,,,,,
191647,G,0.888665998,1,CCU,UCU,FALSE,U,C,,187540,G,0.84232152,0,,,TRUE,U,A,,,,,,,,,,,,,,
258198,G,0.911983033,1,CCU,UCU,FALSE,C,C,,289724,C,0.850832266,0,,,TRUE,C,A,,,,,,,,,,,,,,
96949,C,0.947530864,1,CCU,UCU,FALSE,U,C,,234932,G,0.859177215,0,,,TRUE,C,G,,,,,,,,,,,,,,
100392,C,0.968968192,1,CCU,UCU,FALSE,U,C,,335876,C,0.859756098,0,,,TRUE,U,G,,,,,,,,,,,,,,
259459,G,0.976491863,1,CCU,UCU,FALSE,U,C,,313436,G,0.86835443,0,,,TRUE,U,A,,,,,,,,,,,,,,
96667,C,0.988610478,1,CCU,UCU,FALSE,U,C,,4101,C,0.871900826,0,,,TRUE,C,G,,,,,,,,,,,,,,
18019,G,0.997973429,1,CCU,UCU,FALSE,C,C,,121690,C,0.889965614,0,,,TRUE,U,G,,,,,,,,,,,,,,
353826,C,0.991000947,1,CGA,UGA,FALSE,C,G,,149192,G,0.900900901,0,,,TRUE,C,A,,,,,,,,,,,,,,
292018,C,0.992982456,1,CGA,UGA,FALSE,U,G,,64585,C,0.913391557,0,,,TRUE,U,A,,,,,,,,,,,,,,
9077,C,0.997452878,1,CGA,UGA,FALSE,U,G,,163906,G,0.914772727,0,,,TRUE,U,C,,,,,,,,,,,,,,
103910,C,0.935793358,1,CGC,UGC,FALSE,U,G,,121957,C,0.9200492,0,,,TRUE,U,G,,,,,,,,,,,,,,
96916,C,0.96969697,1,CGC,UGC,FALSE,U,G,,237209,G,0.940217391,0,,,TRUE,U,C,,,,,,,,,,,,,,
278080,C,0.882911392,1,CGG,UGG,FALSE,A,G,,64639,C,0.947327351,0,,,TRUE,C,A,,,,,,,,,,,,,,
281806,C,0.90029615,1,CGG,UGG,FALSE,U,G,,,,,,,,,,,,,,,,,,,,,,,,
185964,G,0.907894737,1,CGG,UGG,FALSE,U,G,,,,,,,,,,,,,,,,,,,,,,,,
353805,C,0.915315819,1,CGG,UGG,FALSE,U,G,,,,,,,,,,,,,,,,,,,,,,,,
22469,G,0.99078601,1,CGG,UGG,FALSE,G,G,,,,,,,,,,,,,,,,,,,,,,,,
76254,C,0.992057188,1,CGG,UGG,FALSE,U,G,,,,,,,,,,,,,,,,,,,,,,,,
22622,G,0.995291096,1,CGG,UGG,FALSE,U,G,,,,,,,,,,,,,,,,,,,,,,,,
285105,C,0.550544323,1,CGU,UGU,FALSE,C,G,,,,,,,,,,,,,,,,,,,,,,,,
191368,G,0.598765432,1,CGU,UGU,FALSE,U,G,,,,,,,,,,,,,,,,,,,,,,,,
277179,C,0.807807808,1,CGU,UGU,FALSE,U,G,,,,,,,,,,,,,,,,,,,,,,,,
347319,C,0.856910569,1,CGU,UGU,FALSE,U,G,,,,,,,,,,,,,,,,,,,,,,,,
63605,C,0.90198123,1,CGU,UGU,FALSE,A,G,,,,,,,,,,,,,,,,,,,,,,,,
258330,G,0.939919893,1,CGU,UGU,FALSE,U,G,,,,,,,,,,,,,,,,,,,,,,,,
100410,C,0.945117605,1,CGU,UGU,FALSE,A,G,,,,,,,,,,,,,,,,,,,,,,,,
285204,C,0.98018613,1,CGU,UGU,FALSE,U,G,,,,,,,,,,,,,,,,,,,,,,,,
96889,C,0.981220657,1,CGU,UGU,FALSE,U,G,,,,,,,,,,,,,,,,,,,,,,,,
102622,C,0.988483685,1,CGU,UGU,FALSE,A,G,,,,,,,,,,,,,,,,,,,,,,,,
104243,C,0.990859851,1,CGU,UGU,FALSE,U,G,,,,,,,,,,,,,,,,,,,,,,,,
26084,G,0.991758626,1,CGU,UGU,FALSE,U,G,,,,,,,,,,,,,,,,,,,,,,,,
311723,G,0.261889862,2,UCA,UUA,FALSE,U,A,,,,,,,,,,,,,,,,,,,,,,,,
160882,G,0.592760181,2,UCA,UUA,FALSE,U,A,,,,,,,,,,,,,,,,,,,,,,,,
145819,G,0.621527778,2,UCA,UUA,FALSE,U,A,,,,,,,,,,,,,,,,,,,,,,,,
288374,C,0.715275246,2,UCA,UUA,FALSE,U,A,,,,,,,,,,,,,,,,,,,,,,,,
100714,C,0.715361446,2,UCA,UUA,FALSE,U,A,,,,,,,,,,,,,,,,,,,,,,,,
151332,G,0.732142857,2,UCA,UUA,FALSE,U,A,,,,,,,,,,,,,,,,,,,,,,,,
281615,C,0.753735804,2,UCA,UUA,FALSE,U,A,,,,,,,,,,,,,,,,,,,,,,,,
281609,C,0.805785124,2,UCA,UUA,FALSE,U,A,,,,,,,,,,,,,,,,,,,,,,,,
261072,G,0.80625,2,UCA,UUA,FALSE,U,A,,,,,,,,,,,,,,,,,,,,,,,,
145906,G,0.819796954,2,UCA,UUA,FALSE,U,A,,,,,,,,,,,,,,,,,,,,,,,,
158261,G,0.837438424,2,UCA,UUA,FALSE,U,A,,,,,,,,,,,,,,,,,,,,,,,,
281765,C,0.839731286,2,UCA,UUA,FALSE,U,A,,,,,,,,,,,,,,,,,,,,,,,,
261387,G,0.842975207,2,UCA,UUA,FALSE,U,A,,,,,,,,,,,,,,,,,,,,,,,,
281591,C,0.891385768,2,UCA,UUA,FALSE,U,A,,,,,,,,,,,,,,,,,,,,,,,,
281792,C,0.896585366,2,UCA,UUA,FALSE,U,A,,,,,,,,,,,,,,,,,,,,,,,,
152208,G,0.912457912,2,UCA,UUA,FALSE,U,A,,,,,,,,,,,,,,,,,,,,,,,,
102749,C,0.915551839,2,UCA,UUA,FALSE,U,A,,,,,,,,,,,,,,,,,,,,,,,,
278258,C,0.926829268,2,UCA,UUA,FALSE,U,A,,,,,,,,,,,,,,,,,,,,,,,,
258050,G,0.92983871,2,UCA,UUA,FALSE,U,A,,,,,,,,,,,,,,,,,,,,,,,,
234712,G,0.930463576,2,UCA,UUA,FALSE,U,A,,,,,,,,,,,,,,,,,,,,,,,,
285259,C,0.9316839,2,UCA,UUA,FALSE,U,A,,,,,,,,,,,,,,,,,,,,,,,,
234718,G,0.931740614,2,UCA,UUA,FALSE,U,A,,,,,,,,,,,,,,,,,,,,,,,,
281849,C,0.936842105,2,UCA,UUA,FALSE,U,A,,,,,,,,,,,,,,,,,,,,,,,,
96830,C,0.9375,2,UCA,UUA,FALSE,U,A,,,,,,,,,,,,,,,,,,,,,,,,
100408,C,0.93982808,2,UCA,UUA,FALSE,U,A,,,,,,,,,,,,,,,,,,,,,,,,
234694,G,0.942372881,2,UCA,UUA,FALSE,U,A,,,,,,,,,,,,,,,,,,,,,,,,
81953,C,0.943099711,2,UCA,UUA,FALSE,U,A,,,,,,,,,,,,,,,,,,,,,,,,
258434,G,0.953775039,2,UCA,UUA,FALSE,U,A,,,,,,,,,,,,,,,,,,,,,,,,
104181,C,0.957683742,2,UCA,UUA,FALSE,U,A,,,,,,,,,,,,,,,,,,,,,,,,
234814,G,0.96969697,2,UCA,UUA,FALSE,U,A,,,,,,,,,,,,,,,,,,,,,,,,
100129,C,0.973344798,2,UCA,UUA,FALSE,U,A,,,,,,,,,,,,,,,,,,,,,,,,
298311,G,0.976011457,2,UCA,UUA,FALSE,U,A,,,,,,,,,,,,,,,,,,,,,,,,
298104,G,0.979151689,2,UCA,UUA,FALSE,U,A,,,,,,,,,,,,,,,,,,,,,,,,
18054,G,0.981559536,2,UCA,UUA,FALSE,U,A,,,,,,,,,,,,,,,,,,,,,,,,
351011,C,0.982605094,2,UCA,UUA,FALSE,U,A,,,,,,,,,,,,,,,,,,,,,,,,
351026,C,0.983523939,2,UCA,UUA,FALSE,U,A,,,,,,,,,,,,,,,,,,,,,,,,
298119,G,0.986342944,2,UCA,UUA,FALSE,U,A,,,,,,,,,,,,,,,,,,,,,,,,
298299,G,0.986570248,2,UCA,UUA,FALSE,U,A,,,,,,,,,,,,,,,,,,,,,,,,
177495,G,0.987265416,2,UCA,UUA,FALSE,U,A,,,,,,,,,,,,,,,,,,,,,,,,
82046,C,0.989203589,2,UCA,UUA,FALSE,U,A,,,,,,,,,,,,,,,,,,,,,,,,
103977,C,0.990185387,2,UCA,UUA,FALSE,U,A,,,,,,,,,,,,,,,,,,,,,,,,
100366,C,0.990850869,2,UCA,UUA,FALSE,U,A,,,,,,,,,,,,,,,,,,,,,,,,
100153,C,0.991164659,2,UCA,UUA,FALSE,U,A,,,,,,,,,,,,,,,,,,,,,,,,
309402,G,0.991409606,2,UCA,UUA,FALSE,U,A,,,,,,,,,,,,,,,,,,,,,,,,
22852,G,0.992531548,2,UCA,UUA,FALSE,U,A,,,,,,,,,,,,,,,,,,,,,,,,
283581,C,0.992592593,2,UCA,UUA,FALSE,U,A,,,,,,,,,,,,,,,,,,,,,,,,
22762,G,0.99333611,2,UCA,UUA,FALSE,U,A,,,,,,,,,,,,,,,,,,,,,,,,
22741,G,0.993395792,2,UCA,UUA,FALSE,U,A,,,,,,,,,,,,,,,,,,,,,,,,
129835,C,0.994462623,2,UCA,UUA,FALSE,U,A,,,,,,,,,,,,,,,,,,,,,,,,
22747,G,0.994652406,2,UCA,UUA,FALSE,U,A,,,,,,,,,,,,,,,,,,,,,,,,
129793,C,0.995548631,2,UCA,UUA,FALSE,U,A,,,,,,,,,,,,,,,,,,,,,,,,
309294,G,0.996516393,2,UCA,UUA,FALSE,U,A,,,,,,,,,,,,,,,,,,,,,,,,
81866,C,0.997902587,2,UCA,UUA,FALSE,U,A,,,,,,,,,,,,,,,,,,,,,,,,
22894,G,0.998449913,2,UCA,UUA,FALSE,U,A,,,,,,,,,,,,,,,,,,,,,,,,
298257,G,0.998567848,2,UCA,UUA,FALSE,U,A,,,,,,,,,,,,,,,,,,,,,,,,
153170,G,0.307692308,1,CUC,UUC,FALSE,U,U,,,,,,,,,,,,,,,,,,,,,,,,
311709,G,0.572448676,1,CUC,UUC,FALSE,U,U,,,,,,,,,,,,,,,,,,,,,,,,
63758,C,0.786213321,1,CUC,UUC,FALSE,U,U,,,,,,,,,,,,,,,,,,,,,,,,
96542,C,0.173333333,2,UCC,UUC,FALSE,U,C,,,,,,,,,,,,,,,,,,,,,,,,
191547,G,0.863636364,2,UCC,UUC,FALSE,U,C,,,,,,,,,,,,,,,,,,,,,,,,
309432,G,0.892072383,2,UCC,UUC,FALSE,U,C,,,,,,,,,,,,,,,,,,,,,,,,
234715,G,0.924398625,2,UCC,UUC,FALSE,U,C,,,,,,,,,,,,,,,,,,,,,,,,
81935,C,0.9550479,2,UCC,UUC,FALSE,U,C,,,,,,,,,,,,,,,,,,,,,,,,
102854,C,0.967760507,2,UCC,UUC,FALSE,U,C,,,,,,,,,,,,,,,,,,,,,,,,
309399,G,0.980538065,2,UCC,UUC,FALSE,U,C,,,,,,,,,,,,,,,,,,,,,,,,
22885,G,0.993849938,2,UCC,UUC,FALSE,U,C,,,,,,,,,,,,,,,,,,,,,,,,
17946,G,0.996448344,2,UCC,UUC,FALSE,U,C,,,,,,,,,,,,,,,,,,,,,,,,
150903,G,0.713709677,2,UCG,UUG,FALSE,U,G,,,,,,,,,,,,,,,,,,,,,,,,
333733,C,0.787610619,2,UCG,UUG,FALSE,U,G,,,,,,,,,,,,,,,,,,,,,,,,
4661,C,0.802816901,2,UCG,UUG,FALSE,U,G,,,,,,,,,,,,,,,,,,,,,,,,
100246,C,0.896871379,2,UCG,UUG,FALSE,U,G,,,,,,,,,,,,,,,,,,,,,,,,
145753,G,0.904328018,2,UCG,UUG,FALSE,U,G,,,,,,,,,,,,,,,,,,,,,,,,
184581,G,0.941309255,2,UCG,UUG,FALSE,U,G,,,,,,,,,,,,,,,,,,,,,,,,
257825,G,0.956692913,2,UCG,UUG,FALSE,U,G,,,,,,,,,,,,,,,,,,,,,,,,
298188,G,0.971781305,2,UCG,UUG,FALSE,U,G,,,,,,,,,,,,,,,,,,,,,,,,
278195,C,0.974025974,2,UCG,UUG,FALSE,U,G,,,,,,,,,,,,,,,,,,,,,,,,
351164,C,0.977562028,2,UCG,UUG,FALSE,U,G,,,,,,,,,,,,,,,,,,,,,,,,
100114,C,0.987940631,2,UCG,UUG,FALSE,U,G,,,,,,,,,,,,,,,,,,,,,,,,
17952,G,0.994491906,2,UCG,UUG,FALSE,U,G,,,,,,,,,,,,,,,,,,,,,,,,
191497,G,0.76217765,1,CUU,UUU,FALSE,U,U,,,,,,,,,,,,,,,,,,,,,,,,
348430,C,0.816698656,2,UCU,UUU,FALSE,U,U,,,,,,,,,,,,,,,,,,,,,,,,
78560,C,0.847297616,2,UCU,UUU,FALSE,U,U,,,,,,,,,,,,,,,,,,,,,,,,
96938,C,0.885630499,2,UCU,UUU,FALSE,U,U,,,,,,,,,,,,,,,,,,,,,,,,
185897,G,0.914110429,2,UCU,UUU,FALSE,U,U,,,,,,,,,,,,,,,,,,,,,,,,
258047,G,0.921393841,2,UCU,UUU,FALSE,U,U,,,,,,,,,,,,,,,,,,,,,,,,
298191,G,0.923753666,2,UCU,UUU,FALSE,U,U,,,,,,,,,,,,,,,,,,,,,,,,
258317,G,0.92875,2,UCU,UUU,FALSE,U,U,,,,,,,,,,,,,,,,,,,,,,,,
81959,C,0.933772476,2,UCU,UUU,FALSE,U,U,,,,,,,,,,,,,,,,,,,,,,,,
288368,C,0.950662739,2,UCU,UUU,FALSE,U,U,,,,,,,,,,,,,,,,,,,,,,,,
184530,G,0.954248366,2,UCU,UUU,FALSE,U,U,,,,,,,,,,,,,,,,,,,,,,,,
350981,C,0.956245589,2,UCU,UUU,FALSE,U,U,,,,,,,,,,,,,,,,,,,,,,,,
18051,G,0.977652259,2,UCU,UUU,FALSE,U,U,,,,,,,,,,,,,,,,,,,,,,,,
102932,C,0.989319843,2,UCU,UUU,FALSE,U,U,,,,,,,,,,,,,,,,,,,,,,,,
100501,C,0.989622642,2,UCU,UUU,FALSE,U,U,,,,,,,,,,,,,,,,,,,,,,,,
104241,C,0.990206366,2,UCU,UUU,FALSE,U,U,,,,,,,,,,,,,,,,,,,,,,,,
8568,C,0.992548435,2,UCU,UUU,FALSE,U,U,,,,,,,,,,,,,,,,,,,,,,,,
129814,C,0.994047619,2,UCU,UUU,FALSE,U,U,,,,,,,,,,,,,,,,,,,,,,,,
81992,C,0.996118143,2,UCU,UUU,FALSE,U,U,,,,,,,,,,,,,,,,,,,,,,,,
298128,G,1,2,UCU,UUU,FALSE,U,U,,,,,,,,,,,,,,,,,,,,,,,,
